{
  "system": "Darwin",
  "version": "1.4.0",
  "lite": false,
  "py_version": "3.12",
  "py_version_micro": "3.12.2",
  "packages": {
    "colorama": "0.4.6",
    "setproctitle": "1.2.2",
    "psutil": "5.9.0",
    "pydoe": "0.3.8",
    "flatbuffers": "24.3.25",
    "seqeval": "1.2.2",
    "pkce": "1.0.3",
    "cymem": "2.0.11",
    "w3lib": "2.1.2",
    "pyasn1": "0.4.8",
    "semantic-version": "2.10.0",
    "multidict": "6.0.4",
    "async-lru": "2.0.4",
    "python-slugify": "5.0.2",
    "gluonts": "0.16.2",
    "nlpaug": "1.1.11",
    "ply": "3.11",
    "threadpoolctl": "3.6.0",
    "opentelemetry-api": "1.29.0",
    "lightgbm": "4.6.0",
    "cryptography": "44.0.3",
    "marisa-trie": "1.3.1",
    "uri-template": "1.3.0",
    "session-info2": "0.2.1",
    "mypy": "1.10.0",
    "grpcio-health-checking": "1.62.3",
    "bokeh": "3.4.1",
    "sqlalchemy": "1.4.49",
    "webcolors": "24.6.0",
    "rfc3339-validator": "0.1.4",
    "appnope": "0.1.3",
    "executing": "0.8.3",
    "docstring-to-markdown": "0.11",
    "numexpr": "2.12.1",
    "absl-py": "2.1.0",
    "croniter": "3.0.3",
    "typer-slim": "0.12.5",
    "fire": "0.7.0",
    "text-unidecode": "1.3",
    "tomlkit": "0.12.0",
    "biothings_client": "0.4.1",
    "flask-socketio": "5.5.1",
    "tornado": "6.4.1",
    "adagio": "0.2.6",
    "aext-core-server": "4.0.15",
    "coverage": "7.6.10",
    "lazy_loader": "0.4",
    "python-socketio": "5.12.1",
    "fqdn": "1.5.1",
    "llvmlite": "0.44.0",
    "decorator": "5.1.1",
    "sphinx": "7.3.7",
    "aext-share-notebook": "4.0.15",
    "conda-package-handling": "2.3.0",
    "ray": "2.44.1",
    "lckr_jupyterlab_variableinspector": "3.1.0",
    "ordered-set": "4.1.0",
    "yarl": "1.9.3",
    "scikit-misc": "0.5.1",
    "traitlets": "5.14.3",
    "language_data": "1.3.0",
    "aiohttp": "3.9.5",
    "fastprogress": "1.0.3",
    "optuna": "4.5.0",
    "scipy": "1.16.1",
    "pydub": "0.25.1",
    "mdit-py-plugins": "0.3.0",
    "nest-asyncio": "1.6.0",
    "fpgrowth-py": "1.0.0",
    "pytest-cov": "6.0.0",
    "ujson": "5.10.0",
    "jaraco.classes": "3.2.1",
    "charset-normalizer": "2.0.4",
    "more-itertools": "10.1.0",
    "multipledispatch": "0.6.0",
    "markdown": "3.4.1",
    "termcolor": "2.4.0",
    "jsonschema-specifications": "2023.7.1",
    "pandocfilters": "1.5.0",
    "ptyprocess": "0.7.0",
    "trl": "0.9.6",
    "griffe": "1.5.1",
    "mdurl": "0.1.0",
    "sphinxcontrib-devhelp": "1.0.2",
    "service-identity": "18.1.0",
    "pyobjc-core": "10.1",
    "isoduration": "20.11.0",
    "pysmb": "1.2.7",
    "unidecode": "1.2.0",
    "async-exit-stack": "1.0.1",
    "queuelib": "1.6.2",
    "unicodedata2": "15.1.0",
    "pytz": "2025.2",
    "tinycss2": "1.2.1",
    "autogluon.timeseries": "1.4.0",
    "importlib_resources": "6.4.5",
    "simple-websocket": "1.1.0",
    "toml": "0.10.2",
    "uvicorn": "0.32.1",
    "legacy-api-wrap": "1.4.1",
    "iterators": "0.0.2",
    "filelock": "3.13.1",
    "python-dotenv": "0.21.0",
    "typing-inspection": "0.4.1",
    "gradio_client": "1.3.0",
    "cookiecutter": "2.6.0",
    "dask-expr": "1.1.0",
    "pytest": "7.4.4",
    "scikit-learn": "1.7.2",
    "webencodings": "0.5.1",
    "apriori-python": "1.0.4",
    "crc32c": "2.7.1",
    "tables": "3.9.2",
    "pydispatcher": "2.0.5",
    "python-lsp-jsonrpc": "1.1.2",
    "cloudpathlib": "0.22.0",
    "pyspnego": "0.11.2",
    "openmim": "0.3.9",
    "smart-open": "5.2.1",
    "numpydoc": "1.7.0",
    "array-api-compat": "1.12.0",
    "rouge-chinese": "1.0.3",
    "attrs": "23.1.0",
    "tldextract": "3.2.0",
    "intervaltree": "3.1.0",
    "keras": "3.5.0",
    "fs": "2.4.16",
    "pygments": "2.15.1",
    "ruff": "0.8.4",
    "param": "2.1.0",
    "entrypoints": "0.4",
    "pwlf": "2.0.0",
    "astunparse": "1.6.3",
    "huggingface_hub": "0.24.6",
    "huggingface-hub": "0.25.1",
    "itemadapter": "0.3.0",
    "mygene": "3.2.2",
    "intake": "0.7.0",
    "h5py": "3.14.0",
    "pynacl": "1.5.0",
    "python-json-logger": "2.0.7",
    "jupyter_server_terminals": "0.4.4",
    "nbformat": "5.9.2",
    "autopep8": "2.0.4",
    "botocore": "1.35.25",
    "defusedxml": "0.7.1",
    "jedi": "0.18.1",
    "stack-data": "0.2.0",
    "google-pasta": "0.2.0",
    "pytesseract": "0.3.13",
    "semver": "3.0.2",
    "spyder-kernels": "2.5.0",
    "pickleshare": "0.7.5",
    "ipywidgets": "8.1.7",
    "jinja2": "3.1.4",
    "dnspython": "2.7.0",
    "torch": "2.5.1",
    "rtree": "1.0.1",
    "natsort": "8.4.0",
    "rpds-py": "0.10.6",
    "prefect": "3.1.5",
    "dash": "2.18.1",
    "autogluon.core": "1.4.0",
    "pytoolconfig": "1.2.6",
    "spacy-legacy": "3.0.12",
    "inflection": "0.5.1",
    "locket": "1.0.0",
    "libmambapy": "1.5.8",
    "msgpack": "1.0.3",
    "bleach": "4.1.0",
    "blinker": "1.9.0",
    "plotly": "5.22.0",
    "conda-pack": "0.7.1",
    "accelerate": "1.0.1",
    "fonttools": "4.59.2",
    "av": "14.0.1",
    "contourpy": "1.3.3",
    "protobuf": "4.25.8",
    "statsforecast": "2.0.1",
    "hyperopt": "0.2.7",
    "torchvision": "0.20.1",
    "parso": "0.8.3",
    "dask": "2024.5.0",
    "safetensors": "0.4.5",
    "tensorboardx": "2.6.4",
    "seaborn": "0.13.2",
    "frozendict": "2.4.2",
    "mypy-extensions": "1.0.0",
    "h11": "0.14.0",
    "minisom": "2.3.3",
    "imbalanced-learn": "0.14.0",
    "pyparsing": "3.2.3",
    "colorlog": "6.9.0",
    "gitdb": "4.0.7",
    "gdown": "5.2.0",
    "pyasn1-modules": "0.2.8",
    "greenlet": "3.0.1",
    "jupyter-console": "6.6.3",
    "lightning": "2.5.4",
    "fastapi": "0.112.2",
    "qtpy": "2.4.1",
    "spacy-loggers": "1.0.5",
    "hyperlink": "21.0.0",
    "apprise": "1.9.0",
    "cloudpickle": "2.2.1",
    "s3transfer": "0.10.2",
    "zict": "3.0.0",
    "openpyxl": "3.1.2",
    "einx": "0.3.0",
    "graphviz": "0.20.3",
    "llamafactory": "0.9.2.dev0",
    "anaconda-client": "1.12.3",
    "lightning-utilities": "0.15.2",
    "paramiko": "3.5.0",
    "aext-core": "4.0.15",
    "asttokens": "2.0.5",
    "isort": "5.13.2",
    "overrides": "7.4.0",
    "googleapis-common-protos": "1.70.0",
    "torchmetrics": "1.7.4",
    "wandb": "0.19.0",
    "pkginfo": "1.10.0",
    "itsdangerous": "2.2.0",
    "hpack": "4.0.0",
    "ruamel-yaml-conda": "0.17.21",
    "annotated-types": "0.6.0",
    "pysocks": "1.7.1",
    "numba": "0.61.2",
    "time-machine": "2.16.0",
    "patsy": "1.0.1",
    "jsonschema": "4.19.2",
    "gast": "0.6.0",
    "prometheus_client": "0.21.0",
    "mlxtend": "0.23.1",
    "catalogue": "2.0.10",
    "babel": "2.11.0",
    "autogluon": "1.4.0",
    "distlib": "0.4.0",
    "optree": "0.12.1",
    "orjson": "3.10.7",
    "aext-assistant": "4.0.15",
    "rich": "13.9.4",
    "tokenizers": "0.20.1",
    "pynndescent": "0.5.13",
    "pytorch-metric-learning": "2.8.1",
    "kiwisolver": "1.4.9",
    "tqdm": "4.67.1",
    "aext-assistant-server": "4.0.15",
    "unsloth": "2024.8",
    "future": "1.0.0",
    "pyopenssl": "24.0.0",
    "gradio": "4.44.1",
    "readchar": "4.0.5",
    "pyfpgrowth": "1.0",
    "altgraph": "0.17.4",
    "fastdownload": "0.0.7",
    "pyct": "0.5.0",
    "jupyter-events": "0.10.0",
    "jsonpatch": "1.33",
    "conda-repo-cli": "1.0.88",
    "humanize": "4.11.0",
    "argon2-cffi": "21.3.0",
    "ml-dtypes": "0.3.2",
    "tzdata": "2025.2",
    "autogluon.multimodal": "1.4.0",
    "partd": "1.4.1",
    "tifffile": "2023.4.12",
    "anaconda-project": "0.11.1",
    "numpy": "1.26.4",
    "anaconda-anon-usage": "0.4.4",
    "jupyterlab": "4.3.4",
    "pyobjc-framework-fsevents": "10.1",
    "docstring_parser": "0.16",
    "gensim": "4.3.2",
    "pyreadr": "0.5.3",
    "applaunchservices": "0.3.0",
    "fsspec": "2024.3.1",
    "jupyter-lsp": "2.2.0",
    "pyqt5": "5.15.10",
    "tomli_w": "1.2.0",
    "weasel": "0.4.1",
    "menuinst": "2.1.1",
    "sip": "6.7.12",
    "urllib3": "2.2.2",
    "s3fs": "2024.3.1",
    "wurlitzer": "3.0.2",
    "pyls-spyder": "0.4.0",
    "markdown-it-py": "2.2.0",
    "lazy-object-proxy": "1.10.0",
    "pyviz_comms": "3.0.2",
    "confection": "0.1.5",
    "debugpy": "1.6.7",
    "jieba": "0.42.1",
    "jellyfish": "1.0.1",
    "xarray": "2025.9.0",
    "fastcore": "1.8.8",
    "conda-libmamba-solver": "24.1.0",
    "pycodestyle": "2.11.1",
    "linkify-it-py": "2.0.0",
    "openai": "1.58.1",
    "mysql-connector-python": "9.1.0",
    "qtconsole": "5.5.1",
    "sphinxcontrib-applehelp": "1.0.2",
    "platformdirs": "3.10.0",
    "python-lsp-black": "2.0.0",
    "aioitertools": "0.7.1",
    "smbprotocol": "1.15.0",
    "jupyterlab_widgets": "3.0.15",
    "arrow": "1.2.3",
    "httpx": "0.26.0",
    "autocorrect": "2.6.1",
    "pylint-venv": "3.0.3",
    "comm": "0.2.1",
    "sse-starlette": "2.1.3",
    "imageio": "2.33.1",
    "umap-learn": "0.5.9.post2",
    "appdirs": "1.4.4",
    "alabaster": "0.7.16",
    "asgi-lifespan": "2.1.0",
    "python-engineio": "4.11.2",
    "aiohttp-cors": "0.8.1",
    "beartype": "0.21.0",
    "watchdog": "4.0.1",
    "jinja2_humanize_extension": "0.4.0",
    "typer": "0.12.5",
    "wrapt": "1.14.1",
    "atomicwrites": "1.4.0",
    "pathspec": "0.12.1",
    "oauthlib": "3.2.2",
    "autogluon.features": "1.4.0",
    "sphinxcontrib-jsmath": "1.0.1",
    "openxlab": "0.0.11",
    "requests": "2.32.2",
    "triad": "0.9.8",
    "torchaudio": "2.5.1",
    "datashader": "0.16.2",
    "pycparser": "2.21",
    "numcodecs": "0.16.2",
    "constantly": "23.10.4",
    "werkzeug": "3.1.3",
    "frozenlist": "1.4.0",
    "scanpy": "1.11.4",
    "diff-match-patch": "20200713",
    "evaluate": "0.4.5",
    "pyqtwebengine": "5.15.6",
    "jupyter_core": "5.7.2",
    "pure-eval": "0.2.2",
    "aiofiles": "23.2.1",
    "truststore": "0.8.0",
    "conda-content-trust": "0.2.0",
    "fugue": "0.9.1",
    "jmespath": "1.0.1",
    "aiobotocore": "2.12.3",
    "parsel": "1.8.1",
    "lz4": "4.3.2",
    "bidict": "0.23.1",
    "soupsieve": "2.5",
    "coreforecast": "0.0.16",
    "loguru": "0.7.3",
    "prompt-toolkit": "3.0.43",
    "ipython": "8.25.0",
    "pydicom": "3.0.1",
    "dateparser": "1.1.8",
    "nltk": "3.6.2",
    "pyobjc-framework-coreservices": "10.1",
    "chardet": "4.0.0",
    "hyperframe": "6.0.1",
    "datasets": "3.1.0",
    "cffi": "1.16.0",
    "python-lsp-server": "1.10.0",
    "rope": "1.12.0",
    "itemloaders": "1.1.0",
    "pluggy": "1.0.0",
    "colorcet": "3.1.0",
    "tblib": "1.7.0",
    "setuptools": "69.5.1",
    "utilsforecast": "0.2.11",
    "iniconfig": "1.1.1",
    "matplotlib-inline": "0.1.6",
    "pylint": "2.16.2",
    "rsa": "4.9.1",
    "fastjsonschema": "2.16.2",
    "requests-file": "1.5.1",
    "coolname": "2.2.0",
    "pydantic_core": "2.20.1",
    "notebook_shim": "0.2.3",
    "terminado": "0.17.1",
    "einops": "0.8.0",
    "peft": "0.12.0",
    "networkx": "3.5",
    "python-dateutil": "2.9.0.post0",
    "mpmath": "1.3.0",
    "ipython-genutils": "0.2.0",
    "jupyter_client": "8.6.0",
    "altair": "5.0.1",
    "jupyter_server": "2.14.1",
    "murmurhash": "1.0.13",
    "xyzservices": "2022.9.0",
    "panel": "1.4.4",
    "mccabe": "0.7.0",
    "py4j": "0.10.9.9",
    "sortedcontainers": "2.4.0",
    "cssselect": "1.2.0",
    "tabpfn": "2.1.3",
    "zarr": "3.1.2",
    "deprecated": "1.2.15",
    "sphinxcontrib-htmlhelp": "2.0.0",
    "notebook": "7.2.1",
    "xlwings": "0.31.4",
    "boto3": "1.35.25",
    "gmpy2": "2.2.1",
    "automat": "20.2.0",
    "binaryornot": "0.4.4",
    "shellingham": "1.5.0",
    "timm": "1.0.3",
    "pyzmq": "25.1.2",
    "tzlocal": "5.2",
    "srsly": "2.5.1",
    "antlr4-python3-runtime": "4.9.3",
    "mistune": "2.0.4",
    "brotli": "1.0.9",
    "opencensus-context": "0.1.3",
    "psycopg2": "2.9.9",
    "certifi": "2025.1.31",
    "jupyter": "1.0.0",
    "pyinstaller": "6.11.1",
    "pyarrow": "18.1.0",
    "plum-dispatch": "2.5.7",
    "tensorboard": "2.16.2",
    "pygraphviz": "1.14",
    "black": "24.4.2",
    "typing_extensions": "4.15.0",
    "h2": "4.0.0",
    "wasabi": "1.1.3",
    "fastai": "2.8.4",
    "pycosat": "0.6.6",
    "zipp": "3.17.0",
    "navigator-updater": "0.5.1",
    "tensorflow": "2.16.1",
    "imagesize": "1.4.1",
    "aiosqlite": "0.18.0",
    "sphinxcontrib-qthelp": "1.0.3",
    "blis": "1.2.1",
    "libclang": "18.1.1",
    "packaging": "25.0",
    "jupyterlab_server": "2.27.3",
    "zstandard": "0.22.0",
    "distributed": "2024.5.0",
    "qstylizer": "0.2.2",
    "colorful": "0.5.7",
    "pyqt5-sip": "12.13.0",
    "hvplot": "0.10.0",
    "qtawesome": "1.2.2",
    "httpcore": "1.0.7",
    "pexpect": "4.8.0",
    "incremental": "22.10.0",
    "yapf": "0.40.2",
    "dash-table": "5.0.0",
    "cycler": "0.12.1",
    "smmap": "4.0.0",
    "imagecodecs": "2023.1.23",
    "tyro": "0.8.14",
    "multiprocess": "0.70.15",
    "pyjwt": "2.8.0",
    "ipykernel": "6.28.0",
    "idna": "3.7",
    "opencensus": "0.11.4",
    "grpcio": "1.66.1",
    "pytabkit": "1.6.1",
    "langcodes": "3.5.0",
    "bcrypt": "3.2.0",
    "pymysql": "1.1.1",
    "pydantic-extra-types": "2.8.2",
    "scikit-image": "0.23.2",
    "matplotlib": "3.10.6",
    "model-index": "0.1.11",
    "python-multipart": "0.0.20",
    "dill": "0.3.8",
    "google-api-core": "2.25.1",
    "wheel": "0.43.0",
    "aext-share-notebook-server": "4.0.15",
    "pygame": "2.6.1",
    "sphinxcontrib-serializinghtml": "1.1.10",
    "appscript": "1.1.2",
    "pyinstaller-hooks-contrib": "2024.10",
    "cytoolz": "0.12.2",
    "astroid": "2.14.2",
    "astropy-iers-data": "0.2024.6.3.0.31.14",
    "namex": "0.0.8",
    "gseapy": "1.1.10",
    "archspec": "0.2.3",
    "distro": "1.9.0",
    "bertviz": "1.4.0",
    "shtab": "1.7.1",
    "pycurl": "7.45.2",
    "wcwidth": "0.2.5",
    "docutils": "0.18.1",
    "jiter": "0.8.2",
    "pydocstyle": "6.3.0",
    "regex": "2023.10.3",
    "opt-einsum": "3.3.0",
    "docker-pycreds": "0.4.0",
    "pyerfa": "2.0.1.4",
    "rfc3986-validator": "0.1.1",
    "tomli": "2.0.1",
    "asyncpg": "0.29.0",
    "conda_index": "0.5.0",
    "keyring": "24.3.1",
    "dash-core-components": "2.0.0",
    "streamlit": "1.32.0",
    "flake8": "7.0.0",
    "anndata": "0.12.2",
    "holoviews": "1.19.0",
    "jsonpointer": "2.1",
    "requests-toolbelt": "1.0.0",
    "pyobjc-framework-cocoa": "10.1",
    "twisted": "23.10.0",
    "anaconda-navigator": "2.6.0",
    "docker": "7.1.0",
    "referencing": "0.30.2",
    "flask": "3.1.0",
    "conda_package_streaming": "0.10.0",
    "snowballstemmer": "2.2.0",
    "sympy": "1.13.1",
    "argon2-cffi-bindings": "21.2.0",
    "send2trash": "1.8.2",
    "ruamel.yaml": "0.17.21",
    "py-cpuinfo": "9.0.0",
    "lmdb": "1.4.1",
    "tenacity": "8.2.2",
    "pydeck": "0.8.0",
    "pendulum": "3.0.0",
    "pyyaml": "6.0.2",
    "donfig": "0.8.1.post1",
    "sniffio": "1.3.0",
    "xgboost": "3.0.5",
    "sentencepiece": "0.2.0",
    "protego": "0.1.16",
    "xxhash": "2.0.2",
    "python-snappy": "0.6.1",
    "anaconda-cloud-auth": "0.5.1",
    "flwr": "1.22.0",
    "prime-cli": "0.2.3",
    "libarchive-c": "2.9",
    "jupyterlab-pygments": "0.1.2",
    "pydantic": "2.8.2",
    "nvidia-ml-py3": "7.352.0",
    "websockets": "10.4",
    "pillow": "11.3.0",
    "et-xmlfile": "1.1.0",
    "conda-token": "0.5.0+1.g2209e04",
    "whatthepatch": "1.0.2",
    "tensorboard-data-server": "0.7.2",
    "pdf2image": "1.17.0",
    "google-auth": "2.40.3",
    "json5": "0.9.6",
    "autogluon.tabular": "1.4.0",
    "lxml": "5.2.1",
    "toolz": "0.12.0",
    "py-spy": "0.4.1",
    "anaconda-catalogs": "0.2.0",
    "mako": "1.2.3",
    "scrapy": "2.11.1",
    "spyder": "5.5.1",
    "tiktoken": "0.8.0",
    "aiosignal": "1.2.0",
    "nbclient": "0.8.0",
    "zope.interface": "5.4.0",
    "pyodbc": "5.0.1",
    "catboost": "1.2.8",
    "fasttransform": "0.0.2",
    "aext-panels": "4.0.15",
    "nbconvert": "7.10.0",
    "anyio": "4.6.2",
    "eventlet": "0.38.2",
    "window_ops": "0.0.15",
    "beautifulsoup4": "4.12.3",
    "starlette": "0.38.2",
    "preshed": "3.0.10",
    "ffmpy": "0.5.0",
    "heapdict": "1.0.1",
    "conda-build": "24.5.1",
    "joblib": "1.5.2",
    "three-merge": "0.1.1",
    "exceptiongroup": "1.2.0",
    "pip": "24.0",
    "transformers": "4.45.2",
    "markupsafe": "2.1.3",
    "wsproto": "1.2.0",
    "spacy": "3.8.7",
    "bottleneck": "1.6.0",
    "scikeras": "0.13.0",
    "pytorch-lightning": "2.5.4",
    "pycryptodome": "3.23.0",
    "eval_type_backport": "0.2.2",
    "conda": "24.11.3",
    "widgetsnbextension": "4.0.14",
    "omegaconf": "2.3.0",
    "pywavelets": "1.5.0",
    "pandas": "2.3.2",
    "six": "1.17.0",
    "mlforecast": "0.14.0",
    "boltons": "23.0.0",
    "opendatalab": "0.0.10",
    "requests-oauthlib": "2.0.0",
    "proto-plus": "1.26.1",
    "macholib": "1.16.3",
    "thinc": "8.3.4",
    "uc-micro-py": "1.0.1",
    "qdarkstyle": "3.2.3",
    "textdistance": "4.2.1",
    "pyflakes": "3.2.0",
    "aext-shared": "4.0.15",
    "gitpython": "3.1.37",
    "statsmodels": "0.14.5",
    "astropy": "6.1.0",
    "click": "8.1.7",
    "autogluon.common": "1.4.0",
    "tabulate": "0.9.0",
    "pydantic-settings": "2.10.1",
    "retrying": "1.3.4",
    "virtualenv": "20.34.0",
    "cachetools": "5.3.3",
    "importlib-metadata": "7.0.1",
    "alembic": "1.13.3",
    "aext-panels-server": "4.0.15",
    "sentry-sdk": "2.18.0",
    "dash-html-components": "2.0.0",
    "websocket-client": "1.8.0"
  }
}